"G","A","PM","PIM","S","ATOI","BLK","HIT","FO","Pos"
13,22,-11,78,110,993,40,174,48.5,"W"
4,12,9,10,70,1544,8,24,33.3,"W"
10,1,-6,9,66,775,41,152,45.2,"C"
29,36,4,24,200,1075,17,65,45.3,"W"
1,3,-5,6,24,975,13,10,0,"D"
1,11,-7,40,84,1205,144,141,0,"D"
4,4,-2,8,28,559,9,18,43.5,"C"
19,11,-1,42,188,1082,24,109,41.9,"W"
3,6,-6,50,47,563,11,77,45.3,"W"
8,14,-15,10,111,869,18,38,31.8,"W"
20,11,-17,22,130,1007,40,15,45.7,"C"
0,10,-9,18,40,917,41,14,0,"D"
4,5,-1,14,28,892,14,80,0,"W"
5,6,-2,25,42,1346,16,86,38.5,"W"
12,17,3,22,128,756,39,86,46.7,"W"
29,32,20,36,247,1065,52,30,33.3,"W"
16,17,-15,16,170,919,28,24,41.6,"W"
24,22,19,14,231,1134,29,32,32.3,"W"
3,6,4,8,69,813,26,18,0,"D"
14,19,2,53,160,924,25,137,51.7,"W"
14,31,-21,78,214,1141,40,54,50,"C"
21,50,5,46,165,1180,51,37,51.2,"C"
14,15,3,20,82,936,29,19,14.3,"W"
18,53,-20,17,151,1073,33,12,22,"W"
4,2,-4,14,45,598,3,16,22.2,"W"
7,6,-1,4,45,732,25,70,38.4,"C"
3,10,6,31,52,1037,62,26,0,"D"
27,51,9,14,256,1324,67,30,53.5,"C"
14,43,-15,22,178,1362,79,40,0,"D"
22,63,1,30,170,1066,31,21,42.6,"C"
7,15,3,16,65,747,44,69,58.5,"W"
3,14,12,26,93,1039,121,102,0,"D"
1,8,-19,36,67,957,65,45,0,"D"
21,15,2,16,132,872,29,80,43.4,"W"
6,10,5,14,92,740,63,41,51.2,"W"
36,43,20,54,241,1189,62,140,52.5,"W"
4,11,-2,34,106,1138,153,90,0,"D"
11,15,-18,59,157,864,34,140,54.3,"C"
6,15,5,49,111,1037,82,149,0,"D"
30,33,21,26,224,1166,42,48,57.3,"C"
17,9,-5,30,112,969,36,111,55.1,"C"
7,17,-7,39,83,864,38,53,12.5,"W"
1,8,3,32,79,901,53,126,0,"D"
0,8,-13,83,66,1081,81,116,0,"D"
1,2,-1,27,25,806,31,40,0,"D"
4,8,2,6,30,741,11,19,50,"W"
11,29,4,9,163,858,43,64,12.5,"W"
19,30,5,41,230,907,19,95,51,"C"
15,22,0,12,119,801,24,41,26.3,"W"
29,26,-5,16,179,1050,24,29,25.6,"W"
12,13,4,20,83,938,72,18,54.3,"C"
4,1,-5,10,33,418,7,23,40,"W"
3,8,4,28,46,821,36,121,0,"D"
3,8,-6,64,66,879,81,226,0,"D"
4,9,11,41,76,888,108,121,0,"D"
3,2,-12,0,37,683,3,13,33.3,"C"
3,6,1,36,56,639,27,132,42.4,"W"
5,6,-6,12,44,654,59,123,30.4,"W"
2,5,5,16,45,1208,58,29,0,"D"
0,12,-3,24,47,823,42,48,0,"D"
6,12,-8,30,141,1212,112,114,0,"D"
13,10,-9,45,120,797,26,126,50.5,"C"
11,32,6,28,154,939,28,43,53.6,"C"
21,25,0,34,197,2013,25,96,49.1,"C"
13,22,-16,18,100,915,22,44,63.6,"W"
5,28,7,28,115,1280,152,143,0,"D"
4,8,-6,19,62,713,28,82,18.8,"W"
4,28,-16,18,118,1421,99,24,0,"D"
6,15,23,30,77,1296,139,34,0,"D"
10,23,13,33,113,808,55,83,52.1,"C"
4,2,4,6,53,570,9,35,40,"C"
6,16,-7,53,79,836,42,125,46.5,"W"
14,14,0,18,119,901,28,23,38.8,"W"
28,33,31,58,222,1190,33,189,37,"W"
2,5,-5,24,40,1088,23,71,43.6,"W"
14,29,-3,20,136,901,35,51,26.1,"W"
12,13,3,27,84,830,26,40,54.5,"W"
2,4,-5,12,18,719,4,20,48.1,"C"
12,55,-16,46,332,1515,136,79,0,"D"
6,8,-8,59,90,701,32,65,26.7,"W"
5,39,1,8,88,964,62,21,0,"D"
8,37,15,112,193,1460,100,147,0,"D"
20,15,-4,23,115,968,55,137,37,"W"
13,7,-13,37,104,813,33,147,20.8,"W"
5,13,-4,29,104,799,40,138,40.9,"W"
9,15,-10,33,108,803,35,61,34.1,"W"
7,22,-3,18,128,1604,32,43,53.5,"W"
7,7,-13,20,51,616,22,67,46.3,"C"
0,6,10,45,76,1154,84,89,100,"D"
15,53,0,32,237,1487,146,47,0,"D"
9,6,1,11,85,1472,17,76,50.3,"C"
6,10,2,8,52,728,16,30,17.6,"W"
4,8,5,27,55,908,53,42,0,"D"
1,2,-3,19,52,530,10,113,0,"W"
13,9,4,2,85,1071,11,27,55.8,"C"
5,14,-27,12,143,1400,171,163,0,"D"
9,16,-12,14,94,1051,64,44,0,"D"
7,17,22,60,144,1374,118,141,0,"D"
2,12,15,32,57,917,75,105,0,"D"
9,9,1,26,59,706,29,57,26.8,"W"
3,10,-12,37,79,1092,17,132,39.3,"W"
1,3,-5,4,21,604,14,19,45.5,"C"
1,3,10,8,14,1780,31,21,0,"D"
4,10,2,16,102,1215,72,74,0,"D"
7,10,-12,23,74,793,53,128,53.1,"C"
1,6,-7,35,60,921,84,158,0,"D"
6,4,-4,48,81,633,8,127,11.1,"W"
8,10,-7,53,101,767,53,226,35,"W"
1,14,3,40,73,961,75,77,0,"D"
12,23,18,41,175,912,31,80,49.3,"W"
5,15,14,76,84,2145,116,95,0,"D"
13,12,7,50,146,864,57,216,46.9,"C"
13,21,5,50,123,952,38,145,38.4,"W"
13,10,-29,20,131,960,65,45,45.1,"W"
8,4,0,24,45,600,14,32,25,"W"
11,10,3,20,102,911,72,116,0,"D"
15,12,-6,30,67,720,24,72,45.2,"W"
31,26,8,16,192,1014,26,18,28.6,"W"
9,19,17,14,96,824,51,99,51.8,"C"
12,7,-7,31,119,772,39,117,37.5,"C"
34,27,-2,18,204,1113,72,33,45.8,"C"
31,45,34,31,227,1296,44,74,52.8,"C"
11,26,8,18,117,992,63,76,52.2,"C"
29,60,0,46,247,1241,36,75,53,"C"
11,11,-1,20,104,714,42,14,50.4,"C"
28,37,10,8,188,1122,33,27,0,"W"
1,4,-6,21,43,982,34,74,0,"D"
9,7,-5,36,103,1242,125,24,0,"D"
8,17,0,34,94,995,38,59,52.8,"W"
2,1,-2,6,22,431,7,26,50,"C"
4,3,-13,23,63,2995,89,105,0,"D"
1,11,11,8,44,1125,65,45,0,"D"
4,8,-2,29,53,711,36,127,44.1,"W"
0,8,-18,11,68,994,42,31,100,"D"
28,24,6,6,181,888,25,40,42.4,"W"
16,27,13,19,143,862,26,70,43.3,"W"
6,6,2,28,65,1219,125,76,0,"D"
6,16,-8,48,128,1248,127,244,0,"D"
0,20,-1,34,67,852,70,75,0,"D"
6,14,-4,37,95,1268,79,66,0,"D"
1,12,16,8,54,960,36,48,0,"D"
6,22,-22,18,55,783,36,22,55.1,"C"
10,4,7,55,77,696,30,238,66.7,"W"
5,8,0,17,64,630,14,88,0,"W"
0,2,-2,17,16,512,5,45,48.6,"C"
6,4,-4,8,23,707,14,21,31.6,"W"
5,17,-7,60,88,1039,107,197,0,"D"
3,11,13,10,60,842,55,22,0,"D"
9,36,-7,73,150,1002,28,49,44.9,"W"
14,18,10,26,129,898,28,28,41.7,"W"
7,2,-1,74,26,917,14,39,0,"W"
3,8,17,38,48,989,61,95,0,"D"
10,50,23,54,205,1610,128,127,0,"D"
3,1,-10,28,51,1171,30,81,51,"C"
25,45,-7,30,194,1159,24,40,56.1,"C"
13,33,-28,30,164,1056,27,55,42.5,"W"
6,10,-2,33,89,921,47,145,54.7,"C"
20,28,8,49,165,998,46,127,43.8,"W"
27,32,-22,18,190,2078,49,60,53,"C"
11,12,-5,16,97,1589,26,46,50,"W"
14,36,15,41,176,1429,112,136,100,"D"
1,1,1,6,38,1140,16,62,39.8,"C"
5,13,-5,30,102,1237,132,101,0,"D"
5,19,1,20,138,1034,59,29,100,"D"
15,22,-19,22,151,986,48,92,51.4,"C"
23,18,-17,35,136,990,19,60,42.9,"W"
11,16,-6,22,107,872,45,63,52.1,"C"
25,34,5,21,183,964,30,46,36.4,"W"
6,28,-18,68,172,1457,203,157,50,"D"
7,10,-1,57,124,1244,150,116,0,"D"
29,31,14,26,231,965,27,39,55.6,"W"
25,39,-25,32,246,1209,35,52,41.5,"C"
16,22,9,71,189,1403,121,69,0,"D"
10,24,25,46,135,1415,117,75,0,"D"
14,28,-28,44,202,1421,79,160,0,"D"
6,8,5,18,70,615,20,101,35.7,"W"
18,20,-6,38,161,918,69,71,49.3,"C"
9,23,26,6,110,1401,84,27,0,"D"
1,8,9,40,59,1013,109,181,100,"D"
5,18,6,24,108,1217,150,126,0,"D"
8,14,-1,12,115,718,33,51,25,"W"
1,5,8,20,31,1022,51,20,0,"D"
3,10,-7,47,86,1159,84,133,100,"D"
10,13,0,4,101,976,30,7,42.9,"W"
6,10,2,22,124,767,46,134,42.6,"W"
3,1,-1,11,29,607,8,37,62.5,"W"
17,16,21,36,118,916,56,101,51.6,"C"
1,1,-16,28,36,965,62,121,0,"D"
2,7,2,11,33,856,17,43,0,"D"
13,20,-10,26,80,893,44,130,36.8,"W"
8,23,-26,48,211,1336,90,128,0,"D"
21,20,5,24,144,901,30,171,38.6,"W"
23,25,20,26,187,909,27,34,0,"W"
11,22,-7,20,70,989,55,25,51.3,"C"
15,18,-17,14,154,834,23,109,17.2,"W"
0,8,-2,14,86,1008,94,85,0,"D"
8,15,2,72,79,652,44,185,47.4,"W"
15,18,1,50,137,1101,60,182,45.9,"W"
3,10,1,30,58,939,106,167,0,"D"
1,17,18,49,78,1247,156,142,0,"D"
26,38,27,38,179,1048,37,86,44.4,"W"
3,10,-2,8,82,1149,56,26,0,"D"
8,24,3,28,122,1491,108,21,50,"D"
1,6,-1,8,51,997,18,18,0,"D"
3,4,-3,8,27,751,26,59,43.5,"C"
11,14,-14,14,99,617,10,77,0,"W"
3,8,0,26,49,695,42,54,44.3,"C"
10,15,-19,26,167,1015,35,48,45.8,"W"
11,10,2,24,80,1658,9,12,0,"W"
10,21,-18,35,164,907,28,54,47.7,"C"
19,32,-31,22,213,974,37,33,45,"W"
31,23,-13,34,278,969,41,90,46.7,"W"
5,47,9,32,133,1352,103,51,0,"D"
0,3,0,2,14,550,8,8,49.6,"C"
24,60,2,26,227,1165,18,16,20,"W"
4,2,0,10,55,799,11,48,45.2,"W"
11,50,20,42,117,1286,57,96,47.8,"C"
12,14,10,20,72,866,58,35,43.1,"W"
2,3,-11,14,61,1031,27,27,0,"D"
2,5,-1,2,42,784,6,17,46.2,"W"
13,25,0,63,214,1487,161,93,0,"D"
4,19,-11,8,84,2077,69,46,0,"D"
6,12,18,27,93,1043,155,133,0,"D"
7,8,-12,26,113,823,32,134,36.5,"C"
34,68,28,20,193,1222,23,30,58.6,"C"
11,8,-14,17,88,792,83,137,58,"W"
8,6,-14,6,50,740,7,12,50,"W"
12,23,-31,26,119,1397,154,114,0,"D"
7,7,1,28,57,653,30,68,58.8,"W"
0,2,-4,17,15,896,54,69,0,"D"
13,52,10,25,221,1287,116,53,0,"D"
25,39,34,50,136,969,42,57,43.4,"C"
27,9,11,16,167,1772,37,68,45.5,"W"
8,4,-10,8,93,975,12,47,40.8,"C"
21,46,13,18,193,1127,45,47,55.2,"W"
12,12,3,11,65,666,39,63,53.1,"C"
8,25,-14,38,132,1325,74,78,0,"D"
3,10,-9,21,93,1267,188,84,0,"D"
2,1,-6,6,15,634,4,10,0,"C"
0,2,4,31,19,884,19,57,0,"D"
3,12,21,22,82,1004,42,45,0,"D"
2,14,0,83,142,1026,123,170,0,"D"
2,3,-7,35,53,1105,81,126,0,"D"
22,26,-9,42,171,989,46,142,50,"C"
5,4,15,22,59,970,102,35,0,"D"
5,11,1,6,71,1113,45,30,0,"D"
10,21,8,28,169,957,36,112,42.9,"W"
3,6,5,32,89,1088,100,238,0,"D"
4,19,12,20,73,1312,169,91,0,"D"
3,6,-13,212,55,467,23,124,47.5,"W"
39,54,14,34,278,1149,44,72,48.6,"W"
3,21,-6,33,66,1211,113,82,0,"D"
17,27,1,64,270,1292,80,83,33.3,"D"
1,10,-9,79,107,1242,124,83,0,"D"
10,22,-20,21,165,1132,69,81,0,"D"
3,3,-1,6,31,502,15,31,75,"W"
2,12,2,15,54,722,19,38,66.7,"W"
5,5,-14,23,62,847,21,66,55.1,"C"
0,1,-21,21,26,893,35,71,0,"D"
2,3,0,8,28,798,44,35,0,"D"
11,20,1,72,129,1594,38,113,45.8,"W"
13,11,-3,82,82,721,25,82,20,"W"
4,9,3,88,68,692,32,154,10,"W"
29,26,-16,37,175,1042,42,85,50.5,"W"
4,9,-4,54,56,649,23,118,50,"W"
3,6,-2,6,37,716,6,50,40,"W"
25,19,1,18,172,1041,36,40,50.5,"W"
17,46,32,54,216,1551,110,139,50,"D"
3,8,0,8,51,961,35,8,0,"D"
16,31,10,16,135,901,33,45,43.5,"C"
13,18,3,39,141,934,36,131,44.1,"W"
5,8,-1,39,56,565,42,123,49.3,"W"
24,26,11,20,151,2150,61,61,48.2,"C"
22,24,-2,41,175,1086,71,84,50.8,"C"
5,20,20,24,87,1084,110,76,0,"D"
7,18,5,10,86,829,17,26,43.8,"W"
20,32,10,26,180,979,39,56,42.9,"C"
1,8,-3,18,32,1242,118,16,0,"D"
2,10,-7,2,18,857,1,3,40,"W"
22,34,-20,32,257,1104,34,31,55,"W"
4,13,-5,14,80,2284,83,136,0,"D"
1,3,-10,7,30,744,12,14,47.1,"C"
1,3,-1,14,42,781,28,20,0,"D"
29,20,2,58,247,1039,64,137,48.5,"W"
22,22,-1,10,158,1161,29,35,53.8,"C"
27,42,-2,32,204,1152,42,41,47.7,"W"
10,20,-12,38,179,842,38,126,40.2,"W"
3,15,-5,6,80,999,36,19,0,"D"
4,6,-4,21,52,1051,53,51,0,"D"
0,6,-9,23,103,1105,68,40,0,"D"
15,25,22,37,148,1041,55,117,42.9,"C"
9,16,10,12,129,906,33,53,46.7,"C"
2,6,2,8,62,806,54,78,0,"D"
1,6,6,10,32,783,8,1,0,"W"
17,8,-7,33,118,801,51,35,48.8,"C"
19,15,-13,24,136,1016,41,15,39.4,"C"
16,19,20,12,105,953,31,36,51.3,"C"
6,11,6,14,124,747,46,207,15.4,"W"
13,19,1,39,187,988,83,205,55.5,"C"
0,15,-8,27,107,975,88,71,0,"D"
2,6,-2,6,33,1880,48,42,0,"D"
15,39,13,78,129,1113,35,87,55.4,"C"
5,9,-11,14,42,959,9,8,48.6,"W"
8,7,10,41,121,1053,155,201,0,"D"
9,16,3,58,168,1526,135,114,0,"D"
3,8,-6,22,88,1173,135,101,0,"D"
21,29,3,24,186,1020,47,48,50.1,"C"
3,3,0,62,19,560,11,46,20,"W"
5,12,2,12,73,2784,22,21,54,"W"
16,41,10,30,249,1476,124,92,0,"D"
3,3,-7,16,50,1063,11,51,46,"W"
2,2,-4,6,35,683,33,26,44.1,"C"
14,39,24,24,253,1468,120,80,0,"D"
12,10,-10,26,113,878,26,33,36.7,"C"
6,4,1,12,44,757,12,22,25,"W"
1,2,1,4,33,1165,34,58,0,"D"
32,23,2,42,211,1006,26,94,50,"C"
4,7,-9,12,46,768,23,29,53,"C"
0,1,-7,20,31,1035,41,46,0,"D"
29,25,-9,82,307,2378,34,159,44.4,"W"
27,49,-20,32,285,1211,14,18,38.9,"W"
7,2,-1,4,55,675,9,57,14.3,"W"
9,53,-25,36,196,1604,120,58,0,"D"
8,11,-5,26,76,795,69,81,66.7,"C"
43,35,49,12,184,1123,45,48,48,"C"
20,18,18,14,146,835,26,28,19.2,"W"
7,12,-8,92,86,700,9,129,20.8,"W"
2,30,-29,28,187,1430,165,41,0,"D"
23,42,-7,24,212,1085,28,7,47.4,"W"
16,21,11,49,119,800,18,91,38.5,"W"
3,7,14,26,82,1924,82,57,0,"D"
19,24,-7,28,81,807,35,42,42.1,"C"
8,6,-4,46,78,1082,38,71,53.4,"C"
34,58,-4,36,261,1121,17,10,31.6,"W"
11,10,-7,47,73,762,39,128,45.4,"W"
15,32,22,45,156,990,25,82,40,"W"
5,16,-12,18,203,1371,136,49,0,"D"
8,59,10,26,204,1444,109,44,0,"D"
4,4,4,18,43,674,24,36,0,"D"
14,31,9,46,170,1109,53,51,51.4,"C"
7,12,0,31,114,947,48,219,52.8,"C"
24,23,17,46,177,894,53,97,33.3,"C"
35,57,21,20,200,1325,64,50,54.1,"C"
16,21,-2,44,137,937,24,103,41.7,"W"
17,27,10,18,119,1013,35,31,51.9,"C"
4,23,-14,36,76,1111,107,82,0,"D"
14,45,0,36,197,1224,73,79,0,"D"
1,5,-6,28,30,650,16,56,55.4,"C"
39,61,15,42,279,1189,15,31,60,"W"
2,6,-6,6,63,601,50,139,16.7,"W"
2,6,-3,27,73,779,49,45,0,"D"
3,8,6,22,48,1024,78,69,0,"D"
13,16,8,35,81,717,30,131,36.8,"W"
6,8,-5,40,134,735,22,143,46.5,"C"
27,56,3,48,187,1129,26,50,44.2,"C"
11,29,-6,32,156,861,23,31,31.2,"W"
12,17,11,24,112,954,40,76,10,"W"
44,26,8,24,241,989,43,74,25.6,"W"
25,37,16,37,183,1209,51,149,51.4,"W"
16,47,-9,61,232,1191,42,76,49.9,"C"
4,9,10,34,92,1316,140,239,0,"D"
4,13,-30,49,86,847,47,117,54.5,"C"
10,10,-10,42,108,667,27,126,52,"C"
2,10,-8,23,65,591,26,130,39.7,"W"
10,32,-42,20,153,1345,104,95,0,"D"
40,22,-25,44,208,1036,38,102,68.8,"W"
12,9,-11,20,164,989,23,71,36.7,"W"
3,5,-8,14,45,631,21,55,57,"C"
1,4,-7,6,48,629,19,10,60,"W"
5,17,-4,14,95,1732,22,32,57.1,"W"
9,42,-9,56,222,1520,108,109,0,"D"
9,14,-17,10,111,1515,32,62,53.3,"C"
14,12,-6,25,134,914,32,125,43.1,"C"
9,2,-11,14,81,707,27,72,52.9,"C"
2,4,4,8,36,875,13,27,0,"W"
7,20,19,24,137,1325,123,92,0,"D"
0,4,4,14,22,790,51,99,0,"D"
16,28,-8,18,153,1074,41,98,54.5,"C"
13,18,16,34,131,1364,97,93,0,"D"
16,27,2,28,129,1016,33,50,56,"C"
2,6,7,25,74,995,86,84,0,"D"
8,13,9,8,70,894,28,124,55.9,"C"
10,24,-12,80,147,958,25,254,55.8,"W"
7,22,-1,28,164,1125,115,131,0,"D"
1,3,-4,57,19,696,27,77,0,"D"
6,15,8,30,82,1191,131,36,0,"D"
3,11,-9,31,86,678,45,124,52.1,"C"
39,58,11,55,284,1194,22,38,41.9,"C"
11,11,4,6,79,831,24,48,42.6,"C"
42,56,16,87,239,1139,32,48,43.7,"C"
3,1,2,7,28,631,9,51,0,"W"
7,12,0,56,111,1077,76,113,0,"D"
7,30,34,62,117,1221,99,180,0,"D"
24,24,-1,52,190,1038,36,91,32.7,"W"
34,51,25,63,182,1183,25,37,39.7,"W"
27,48,36,40,268,1050,26,99,43.5,"C"
27,20,1,16,203,1019,26,85,52.2,"W"
22,47,-1,26,194,983,25,31,52.6,"C"
17,26,1,73,141,1910,14,150,45.8,"W"
3,9,0,50,46,479,9,147,75,"W"
9,16,3,34,111,1372,206,100,0,"D"
6,9,-24,45,112,841,42,128,36.4,"W"
10,17,-1,61,167,1280,137,53,0,"D"
34,29,25,12,187,1088,61,16,54.5,"C"
1,2,-1,10,26,670,14,22,42.9,"W"
2,10,-6,45,58,1071,73,77,0,"D"
7,25,20,53,77,1329,80,133,0,"D"
3,9,-11,26,53,1170,79,110,0,"D"
9,19,11,30,143,795,32,43,38.5,"C"
3,2,-5,37,33,501,8,56,42.9,"W"
3,1,-10,25,26,905,43,71,0,"D"
41,67,20,26,274,1293,46,28,41.4,"C"
4,25,8,20,99,2712,163,71,0,"D"
16,14,-12,22,159,870,17,137,45.9,"W"
13,16,-5,33,116,807,22,120,26.9,"W"
2,2,-4,8,21,581,10,19,49.4,"C"
1,3,-11,111,36,883,19,131,0,"W"
5,10,26,52,88,1209,176,225,0,"D"
1,3,-1,62,39,942,56,80,0,"D"
21,15,2,51,210,892,48,105,48.6,"W"
1,2,7,22,30,965,42,35,0,"D"
0,7,5,4,43,935,71,1,0,"D"
1,2,11,31,25,1073,52,77,0,"D"
14,8,-8,10,69,699,11,28,0,"W"
10,31,-4,53,177,1161,64,165,100,"D"
23,35,-4,40,143,2091,26,124,54.3,"W"
1,15,16,70,64,1168,111,164,0,"D"
6,5,-5,30,55,1271,29,53,49.6,"C"
3,2,-2,4,17,632,10,26,48.4,"W"
31,33,3,24,202,1121,17,35,50.4,"C"
9,23,16,42,160,1228,83,96,0,"D"
6,6,3,16,46,618,19,41,54.3,"C"
7,11,3,47,141,1201,105,135,0,"D"
7,19,15,47,102,1227,168,139,50,"D"
6,10,-4,26,83,1937,67,79,0,"D"
5,2,-4,6,64,1429,27,93,27.3,"W"
0,4,1,4,19,1001,42,15,0,"D"
2,12,-3,34,109,982,101,138,0,"D"
2,3,8,16,25,1141,19,5,0,"D"
1,11,4,8,34,1106,75,31,0,"D"
8,34,10,40,154,1299,123,170,0,"D"
6,30,9,48,150,1286,119,68,0,"D"
22,26,6,45,155,1993,44,79,45.8,"C"
21,13,-12,28,230,2037,42,51,21.1,"W"
15,26,16,18,113,925,67,86,48.4,"C"
25,19,-11,24,202,1031,30,44,0,"W"
19,16,-4,43,138,884,52,50,48.3,"W"
3,5,-14,8,48,1127,37,31,0,"D"
3,12,27,41,73,1191,185,66,0,"D"
18,14,14,36,133,900,20,58,45.5,"W"
16,17,1,14,134,950,62,49,46.4,"C"
15,11,6,14,84,895,56,27,30.8,"W"
1,8,6,12,23,612,19,30,44.3,"C"
7,22,24,36,120,1356,98,117,0,"D"
13,14,12,36,127,797,41,112,36.4,"W"
4,4,-13,69,50,588,17,123,25,"W"
2,5,-11,6,97,634,41,107,46.8,"W"
7,8,6,14,92,666,24,53,53.8,"W"
24,24,10,20,151,1085,39,44,48.8,"C"
6,20,15,67,194,1335,153,161,0,"D"
7,16,13,14,79,962,40,42,0,"D"
20,41,20,10,184,1001,18,21,51.4,"C"
21,19,-2,20,213,1071,36,65,46.2,"W"
0,3,-7,6,21,1689,44,42,0,"D"
0,4,-2,2,17,1193,6,5,48.3,"C"
24,37,-23,2,230,1249,48,42,60,"C"
4,4,1,32,59,1774,76,50,0,"D"
5,10,-11,8,99,1231,97,62,0,"D"
15,29,-34,40,161,1022,34,70,46,"W"
5,12,7,87,81,1944,76,174,0,"D"
0,8,0,14,22,766,44,23,0,"D"
10,21,10,22,125,1388,116,128,0,"D"
0,10,-9,68,54,1162,168,218,0,"D"
18,29,2,31,127,1105,54,124,47.9,"W"
0,7,-3,6,57,831,43,36,0,"D"
49,38,3,32,355,1209,21,139,37.5,"W"
8,4,-11,12,126,1514,42,104,25,"W"
17,20,-16,30,212,1141,27,118,35,"W"
14,15,-14,36,147,1004,69,131,51.2,"C"
2,1,1,6,50,612,17,72,16.7,"W"
11,24,16,6,109,1020,48,80,22.6,"W"
24,20,-1,30,181,1039,50,94,33.3,"W"
27,55,23,26,228,1208,19,15,0,"W"
14,21,7,38,136,1826,37,137,33.3,"W"
5,4,-5,41,64,612,32,112,46.9,"C"
6,29,-7,13,212,1357,141,120,0,"D"
15,9,0,14,119,1025,37,26,41.7,"W"
35,45,10,37,246,1078,31,55,20,"W"
1,12,6,50,100,1177,148,155,0,"D"
13,17,1,30,127,823,19,48,50.6,"C"
22,44,0,41,224,1155,70,93,54.9,"C"
15,25,11,27,180,958,36,116,49.3,"W"
3,16,7,28,106,1156,142,100,0,"D"
17,13,-2,28,129,871,34,83,45.5,"W"
17,22,4,38,139,868,25,120,55.9,"C"
16,50,1,50,125,1069,20,118,40.3,"W"
17,32,-4,71,168,1067,36,59,12.5,"W"
3,16,-6,18,88,1254,101,57,0,"D"
2,11,-2,98,60,879,74,142,0,"D"
11,30,-30,28,177,1410,138,167,0,"D"
1,3,5,6,16,817,27,18,0,"D"
6,20,-15,49,134,2383,154,161,0,"D"
15,39,8,22,216,1544,164,48,0,"D"
1,13,-1,12,54,1343,41,49,0,"D"
14,13,9,34,129,821,57,122,27.7,"C"
6,20,1,45,144,1641,41,61,53.3,"C"
32,34,18,24,217,1177,57,26,47.4,"C"
2,10,5,46,47,1059,84,131,0,"D"
16,18,-17,8,168,894,35,39,57.9,"W"
1,1,2,0,27,754,18,20,0,"D"
13,6,-8,22,83,821,34,69,36.4,"W"
3,19,-22,39,78,1071,118,79,0,"D"
3,6,8,19,27,1729,84,60,0,"D"
17,24,17,20,203,1449,169,148,0,"D"
12,8,-1,14,136,802,23,67,0,"W"
10,22,-4,14,184,1104,86,113,0,"D"
7,15,-12,10,103,843,93,55,33.3,"W"
3,13,-8,20,106,1126,123,102,0,"D"
0,3,-2,4,15,704,9,32,38.8,"C"
27,45,4,72,217,1208,64,77,60,"W"
13,9,9,28,96,795,50,90,59.1,"W"
34,35,6,14,230,1165,30,115,46.7,"C"
29,55,0,34,178,1138,40,32,51.3,"W"
14,17,0,12,126,923,29,62,54.9,"C"
1,3,4,8,19,534,15,31,48.6,"C"
4,6,-7,94,42,1000,27,236,50,"W"
3,16,-5,26,66,1953,37,41,0,"D"
25,25,-24,26,188,1026,42,48,39.4,"C"
3,12,-24,45,105,886,52,72,52.1,"C"
12,13,-12,6,114,1687,41,96,47.8,"W"
6,46,-4,14,182,1296,84,48,0,"D"
5,2,-7,44,56,677,23,188,26.7,"W"
6,35,-25,48,182,1590,111,206,100,"D"
7,7,1,42,117,650,10,172,0,"W"
10,17,3,72,122,791,27,221,35.3,"W"
7,18,-10,14,91,836,23,19,42.4,"W"
5,9,5,2,38,739,9,20,46.2,"C"
5,12,1,126,85,746,42,104,57.9,"W"
2,3,-13,4,21,561,24,74,52.9,"W"
6,1,3,6,26,819,7,11,0,"W"
2,3,-8,16,67,944,43,67,0,"D"
4,17,-7,8,90,1144,223,97,0,"D"
13,25,11,26,123,963,40,97,25.8,"W"
6,14,-1,24,71,1155,64,24,0,"D"
11,22,-12,14,112,987,52,97,54.5,"W"
15,23,-15,28,135,936,27,52,56.5,"C"
3,9,13,8,79,1005,98,33,0,"D"
18,17,-10,14,237,1050,32,29,46.3,"W"
2,6,-8,34,51,617,35,114,41.7,"W"
2,8,-6,20,72,935,35,27,0,"D"
2,8,0,21,56,1216,73,113,0,"D"
4,12,2,32,145,1163,143,144,0,"D"
2,12,8,15,26,1171,54,50,0,"D"
5,17,-15,37,138,1399,114,91,0,"D"
11,13,6,24,141,806,69,84,48.7,"W"
12,10,-5,42,133,797,59,132,45.8,"C"
23,37,19,18,125,1241,31,57,51.3,"C"
28,42,10,56,210,1184,37,154,48.1,"C"
1,6,-12,35,59,983,105,219,0,"D"
4,2,-5,8,39,803,15,18,100,"W"
1,4,3,6,38,1084,72,33,0,"D"
21,31,1,18,118,1094,39,13,40.1,"W"
5,31,19,16,103,1334,121,41,0,"D"
1,1,-4,4,20,449,2,14,61.9,"W"
4,23,22,14,109,1171,93,36,0,"D"
24,35,15,26,157,1164,30,52,41.1,"W"
7,19,-3,38,136,1212,170,85,0,"D"
23,32,-21,40,189,916,2,38,45,"W"
3,47,-22,30,67,933,19,18,46.5,"C"
4,4,-3,21,50,564,26,77,51.5,"W"
0,4,10,21,17,872,25,20,0,"D"
40,38,12,43,335,1255,44,74,54.9,"C"
0,5,-9,17,31,1073,43,65,0,"D"
0,8,-15,6,36,980,42,27,0,"D"
9,31,11,38,141,922,64,90,0,"D"
9,15,-8,42,121,1181,62,107,0,"D"
10,11,-16,14,143,773,25,46,55.2,"W"
5,18,-14,44,94,1216,65,44,0,"D"
10,10,-8,53,94,949,26,80,54.3,"W"
4,10,-6,12,105,1435,46,110,45.3,"W"
11,21,4,8,109,1460,50,52,54.2,"C"
18,12,2,10,142,837,31,29,36.4,"W"
11,21,-30,14,123,926,57,71,46.3,"C"
5,14,-3,16,74,2350,20,55,47.7,"C"
17,23,6,18,187,1078,61,52,34,"W"
24,22,-16,57,176,1085,54,129,57.1,"W"
4,8,2,16,36,685,18,37,42.9,"C"
9,18,2,42,120,966,49,136,55.3,"C"
24,25,-27,34,277,1002,24,35,43.3,"W"
4,21,-27,39,153,1262,119,127,0,"D"
8,22,1,10,154,1355,154,47,0,"D"
6,6,-4,8,73,709,18,61,14.3,"W"
1,7,2,69,66,1030,37,58,0,"D"
25,26,20,24,229,923,35,60,42.6,"W"
6,5,5,17,42,566,13,33,45.7,"C"
22,38,31,24,162,1075,24,40,30.8,"W"
5,14,-32,54,124,1003,29,90,47.9,"W"
7,9,-6,38,103,741,62,151,48.5,"W"
11,20,-6,50,136,1027,45,127,54.3,"W"
16,21,0,26,150,1041,64,71,45.3,"C"
5,2,-5,5,25,609,15,26,50,"W"
8,18,-12,12,138,780,26,16,55.8,"C"
13,28,6,4,107,1880,16,66,43.3,"C"
9,28,-6,8,110,1473,127,64,0,"D"
42,34,8,42,241,1069,49,42,51.2,"C"
19,27,-4,26,160,1155,32,181,56.6,"C"
1,7,11,18,68,1112,96,76,0,"D"
8,7,-20,10,102,832,15,77,50.6,"W"
4,8,4,28,65,656,31,74,51.5,"C"
27,59,18,72,212,1126,35,61,52.2,"C"
16,37,1,18,159,2143,38,43,54.9,"C"
1,10,-7,35,94,1129,75,111,0,"D"
15,31,-11,20,168,1122,58,53,40.7,"W"
3,6,-8,4,41,748,11,40,21.4,"W"
14,42,-7,26,209,1156,54,52,47.7,"C"
6,12,13,8,36,712,33,26,54.8,"C"
10,6,-5,27,68,1298,14,48,30,"W"
20,42,9,10,132,1240,39,53,54.1,"W"
3,7,-11,28,98,1005,158,106,0,"D"
4,14,29,18,131,1289,100,104,0,"D"
4,5,4,8,30,777,12,7,43,"C"
13,21,-4,33,147,913,17,43,44.3,"W"
16,43,18,82,207,1447,90,111,33.3,"D"
1,4,-5,14,41,629,14,47,44.6,"C"
2,5,-5,18,45,770,33,9,0,"D"
6,45,-1,34,149,1607,138,78,0,"D"
11,15,8,8,106,1039,32,55,51.7,"C"
8,10,13,18,79,760,56,188,27.3,"W"
2,9,7,8,31,1187,70,21,0,"D"
33,33,15,17,306,1143,37,89,25,"W"
20,14,-19,34,174,1892,29,67,13.3,"W"
37,47,-12,26,257,1196,34,30,52.9,"C"
23,41,8,14,185,1013,22,26,30.6,"W"
6,23,5,14,144,1221,70,29,0,"D"
5,12,-1,20,53,1543,39,122,56.4,"C"
3,6,-12,12,55,715,9,39,10,"C"
1,6,-4,60,35,422,16,99,58.3,"W"
13,23,-9,38,75,1101,18,32,52,"C"
17,23,0,8,118,960,45,26,51,"C"
24,25,-1,61,188,1035,16,80,41.2,"W"
20,32,-1,47,211,1181,24,32,58,"C"
24,23,9,16,251,967,17,75,36,"C"
0,2,0,12,25,474,14,24,41.7,"C"
31,44,-9,54,287,1282,55,145,54.1,"C"
3,21,9,34,144,1314,100,84,0,"D"
15,22,3,27,171,915,42,99,42.4,"W"
16,35,19,26,145,2148,35,21,51.5,"C"
7,12,-1,46,71,651,24,119,53.3,"W"
36,18,1,30,248,894,23,40,0,"W"
3,13,9,20,111,1023,113,25,0,"D"
24,32,-3,36,168,1706,18,36,25,"W"
4,28,-7,40,145,2631,105,92,0,"D"
7,3,3,34,72,1347,15,51,52.6,"C"
8,8,-5,34,91,825,40,38,60,"C"
3,5,-8,6,49,791,6,6,59,"W"
17,11,-18,20,136,860,34,83,46.9,"W"
10,10,-11,46,130,719,29,156,31.8,"W"
11,21,9,34,161,1353,174,26,0,"D"
20,65,10,50,228,1167,32,23,44.1,"W"
13,14,2,12,133,750,16,31,52,"W"
5,9,-7,16,88,774,16,15,33.3,"W"
7,9,-10,37,93,1559,49,253,48.9,"W"
5,7,-2,20,40,712,27,35,46.3,"W"
14,5,2,123,96,740,78,187,62.8,"W"
8,13,-10,12,102,777,25,17,45.7,"C"
6,10,-8,14,75,1521,59,66,0,"D"
2,3,2,16,40,723,35,47,0,"D"
2,6,5,32,58,874,69,108,0,"D"
4,4,-7,21,44,634,14,77,50,"W"
8,27,22,12,74,1088,46,28,45.2,"C"
16,21,8,16,207,1355,92,58,0,"D"
23,68,13,52,246,1215,66,94,45.9,"W"
2,4,1,8,24,801,15,12,33.3,"C"
16,35,-9,56,198,995,42,79,44.8,"W"
6,12,-5,6,75,788,23,38,52.2,"C"
6,8,-20,8,98,1913,33,128,52.6,"W"
14,21,10,187,123,959,51,250,46.3,"W"
9,8,-11,45,86,1396,41,179,46.4,"W"
6,17,5,27,82,814,53,27,44.7,"W"
1,3,-1,68,16,413,11,57,50,"W"
19,13,-6,84,170,748,22,75,66.7,"W"
9,7,2,26,94,650,9,60,0,"W"
8,48,7,35,179,1469,101,26,0,"D"
8,17,-3,30,112,862,22,70,43.9,"C"
7,13,4,103,94,1168,106,278,0,"D"
5,8,8,31,54,1333,134,113,0,"D"
12,14,-8,25,91,1074,38,64,50.9,"C"
11,45,1,14,180,1170,34,49,48.4,"W"
27,20,-23,14,212,1078,64,92,50.8,"C"
16,37,-10,36,178,1135,67,62,26.2,"W"
33,31,8,44,222,1018,47,80,22.2,"W"
